key,first_name,last_name,login,department,title
boa_001,Karen,Mitchell,karen.mitchell@boa.gov,Board of Accountancy,Senior Auditor
boa_002,James,Fletcher,james.fletcher@boa.gov,Board of Accountancy,Compliance Analyst
casc_001,Maria,Gonzalez,maria.gonzalez@casc.gov,Commonwealth Attorneys Services Council,Staff Attorney
casc_002,Robert,Chen,robert.chen@casc.gov,Commonwealth Attorneys Services Council,Legal Analyst
cb_001,Patricia,Williams,patricia.williams@cb.gov,State Compensation Board,Fiscal Analyst
cb_002,Michael,Brown,michael.brown@cb.gov,State Compensation Board,Program Manager
csa_001,Jennifer,Davis,jennifer.davis@csa.gov,Office of Children's Services,Case Manager
csa_002,David,Martinez,david.martinez@csa.gov,Office of Children's Services,Program Coordinator
dars_001,Lisa,Anderson,lisa.anderson@dars.gov,Aging and Rehabilitative Services,Rehab Counselor
dars_002,Thomas,Taylor,thomas.taylor@dars.gov,Aging and Rehabilitative Services,Program Specialist
dbhds_001,Nancy,Thomas,nancy.thomas@dbhds.gov,Behavioral Health and Dev Services,Clinical Director
dbhds_002,Daniel,Jackson,daniel.jackson@dbhds.gov,Behavioral Health and Dev Services,Licensed Counselor
dbhds_003,Emily,White,emily.white@dbhds.gov,Behavioral Health and Dev Services,Program Analyst
dbvi_001,Sandra,Harris,sandra.harris@dbvi.gov,Blind and Vision Impaired,Rehabilitation Teacher
dbvi_002,Joseph,Clark,joseph.clark@dbvi.gov,Blind and Vision Impaired,Assistive Tech Specialist
dcjs_001,Ashley,Lewis,ashley.lewis@dcjs.gov,Criminal Justice Services,Program Analyst
dcjs_002,Christopher,Robinson,christopher.robinson@dcjs.gov,Criminal Justice Services,Training Coordinator
dcr_001,Amanda,Walker,amanda.walker@dcr.gov,Conservation and Recreation,Park Manager
dcr_002,Matthew,Hall,matthew.hall@dcr.gov,Conservation and Recreation,Environmental Specialist
dcr_003,Stephanie,Allen,stephanie.allen@dcr.gov,Conservation and Recreation,Natural Resource Planner
deq_001,Michelle,Young,michelle.young@deq.gov,Environmental Quality,Environmental Engineer
deq_002,Andrew,Hernandez,andrew.hernandez@deq.gov,Environmental Quality,Water Quality Analyst
deq_003,Rachel,King,rachel.king@deq.gov,Environmental Quality,Compliance Inspector
dfp_001,Joshua,Wright,joshua.wright@dfp.gov,Fire Programs,Fire Marshal
dfp_002,Laura,Lopez,laura.lopez@dfp.gov,Fire Programs,Training Specialist
dfs_001,Kevin,Hill,kevin.hill@dfs.gov,Forensic Science,Forensic Analyst
dfs_002,Sarah,Scott,sarah.scott@dfs.gov,Forensic Science,Lab Technician
dgs_001,Brian,Green,brian.green@dgs.gov,General Services,Procurement Officer
dgs_002,Nicole,Adams,nicole.adams@dgs.gov,General Services,Facilities Manager
dhcd_001,Jason,Baker,jason.baker@dhcd.gov,Housing and Community Development,Housing Specialist
dhcd_002,Amy,Nelson,amy.nelson@dhcd.gov,Housing and Community Development,Community Dev Coordinator
dhp_001,Timothy,Carter,timothy.carter@dhp.gov,Health Professions,Licensing Specialist
dhp_002,Kimberly,Mitchell,kimberly.mitchell@dhp.gov,Health Professions,Regulatory Analyst
dhr_001,Ryan,Perez,ryan.perez@dhr.gov,Historic Resources,Architectural Historian
dhr_002,Heather,Roberts,heather.roberts@dhr.gov,Historic Resources,Preservation Specialist
dhrm_001,Gary,Turner,gary.turner@dhrm.gov,Human Resource Management,HR Consultant
dhrm_002,Angela,Phillips,angela.phillips@dhrm.gov,Human Resource Management,Benefits Administrator
dhrm_003,Eric,Campbell,eric.campbell@dhrm.gov,Human Resource Management,Classification Analyst
djj_001,Rebecca,Parker,rebecca.parker@djj.gov,Juvenile Justice,Probation Officer
djj_002,Justin,Evans,justin.evans@djj.gov,Juvenile Justice,Youth Counselor
dma_001,Mark,Edwards,mark.edwards@dma.gov,Military Affairs,Operations Specialist
dma_002,Donna,Collins,donna.collins@dma.gov,Military Affairs,Administrative Coordinator
dmas_001,Sharon,Stewart,sharon.stewart@dmas.gov,Medical Assistance Services,Eligibility Analyst
dmas_002,Paul,Sanchez,paul.sanchez@dmas.gov,Medical Assistance Services,Program Administrator
dmas_003,Cynthia,Morris,cynthia.morris@dmas.gov,Medical Assistance Services,Claims Examiner
dmv_001,Gregory,Rogers,gregory.rogers@dmv.gov,Motor Vehicles,Customer Service Rep
dmv_002,Deborah,Reed,deborah.reed@dmv.gov,Motor Vehicles,License Examiner
dmv_003,Kenneth,Cook,kenneth.cook@dmv.gov,Motor Vehicles,Systems Analyst
dmv_004,Carol,Morgan,carol.morgan@dmv.gov,Motor Vehicles,Branch Manager
doa_001,Edward,Bell,edward.bell@doa.gov,Department of Accounts,State Accountant
doa_002,Ruth,Murphy,ruth.murphy@doa.gov,Department of Accounts,Financial Analyst
doav_001,Frank,Bailey,frank.bailey@doav.gov,Aviation,Aviation Specialist
doav_002,Virginia,Rivera,virginia.rivera@doav.gov,Aviation,Airport Inspector
doc_001,Raymond,Cooper,raymond.cooper@doc.gov,Corrections,Corrections Officer
doc_002,Catherine,Richardson,catherine.richardson@doc.gov,Corrections,Case Management Specialist
doc_003,Harold,Cox,harold.cox@doc.gov,Corrections,Reentry Coordinator
doe_001,Diana,Howard,diana.howard@doe.gov,Education,Education Specialist
doe_002,Lawrence,Ward,lawrence.ward@doe.gov,Education,Assessment Coordinator
doe_003,Joyce,Torres,joyce.torres@doe.gov,Education,Curriculum Developer
dof_001,Gerald,Peterson,gerald.peterson@dof.gov,Forestry,District Forester
dof_002,Alice,Gray,alice.gray@dof.gov,Forestry,Fire Prevention Specialist
doli_001,Ralph,Ramirez,ralph.ramirez@doli.gov,Labor and Industry,Safety Inspector
doli_002,Marie,James,marie.james@doli.gov,Labor and Industry,Wage Compliance Officer
dpb_001,Wayne,Watson,wayne.watson@dpb.gov,Planning and Budget,Budget Analyst
dpb_002,Jean,Brooks,jean.brooks@dpb.gov,Planning and Budget,Policy Analyst
dpor_001,Roy,Kelly,roy.kelly@dpor.gov,Professional and Occupational Regulation,Board Administrator
dpor_002,Theresa,Sanders,theresa.sanders@dpor.gov,Professional and Occupational Regulation,Licensing Examiner
drpt_001,Eugene,Price,eugene.price@drpt.gov,Rail and Public Transportation,Transit Planner
drpt_002,Gloria,Bennett,gloria.bennett@drpt.gov,Rail and Public Transportation,Rail Program Manager
dsbsd_001,Russell,Wood,russell.wood@dsbsd.gov,Small Business and Supplier Diversity,Business Consultant
dsbsd_002,Jacqueline,Barnes,jacqueline.barnes@dsbsd.gov,Small Business and Supplier Diversity,Certification Specialist
dss_001,Louis,Ross,louis.ross@dss.gov,Social Services,Social Worker
dss_002,Teresa,Henderson,teresa.henderson@dss.gov,Social Services,Eligibility Specialist
dss_003,Philip,Coleman,philip.coleman@dss.gov,Social Services,Family Services Analyst
dvs_001,Dennis,Jenkins,dennis.jenkins@dvs.gov,Veterans Services,Veterans Benefits Specialist
dvs_002,Cheryl,Perry,cheryl.perry@dvs.gov,Veterans Services,Outreach Coordinator
dwr_001,Jerry,Powell,jerry.powell@dwr.gov,Wildlife Resources,Wildlife Biologist
dwr_002,Martha,Long,martha.long@dwr.gov,Wildlife Resources,Conservation Officer
elect_001,Henry,Patterson,henry.patterson@elect.gov,State Board of Elections,Election Administrator
elect_002,Frances,Hughes,frances.hughes@elect.gov,State Board of Elections,Voter Registration Specialist
energy_001,Albert,Flores,albert.flores@energy.gov,Virginia Energy,Energy Policy Analyst
energy_002,Ann,Washington,ann.washington@energy.gov,Virginia Energy,Program Coordinator
gov_001,Arthur,Butler,arthur.butler@gov.gov,Office of the Governor,Policy Advisor
gov_002,Dorothy,Simmons,dorothy.simmons@gov.gov,Office of the Governor,Legislative Liaison
gov_003,Roger,Foster,roger.foster@gov.gov,Office of the Governor,Chief of Staff
lva_001,Joe,Gonzales,joe.gonzales@lva.gov,Library of Virginia,Archivist
lva_002,Margaret,Bryant,margaret.bryant@lva.gov,Library of Virginia,Reference Librarian
mrc_001,Carl,Alexander,carl.alexander@mrc.gov,Marine Resources Commission,Marine Patrol Officer
mrc_002,Janet,Russell,janet.russell@mrc.gov,Marine Resources Commission,Fisheries Biologist
mvdb_001,Willie,Griffin,willie.griffin@mvdb.gov,Motor Vehicle Dealer Board,Field Investigator
mvdb_002,Kathryn,Diaz,kathryn.diaz@mvdb.gov,Motor Vehicle Dealer Board,Licensing Coordinator
odga_001,Fred,Hayes,fred.hayes@odga.gov,Data Governance and Analytics,Data Analyst
odga_002,Janice,Myers,janice.myers@odga.gov,Data Governance and Analytics,Data Governance Specialist
osig_001,Howard,Ford,howard.ford@osig.gov,State Inspector General,Investigator
osig_002,Judith,Hamilton,judith.hamilton@osig.gov,State Inspector General,Performance Auditor
schev_001,Victor,Graham,victor.graham@schev.gov,Higher Education for Virginia,Education Policy Analyst
schev_002,Rose,Sullivan,rose.sullivan@schev.gov,Higher Education for Virginia,Research Analyst
tax_001,Sam,Wallace,sam.wallace@tax.gov,Taxation,Tax Examiner
tax_002,Diane,West,diane.west@tax.gov,Taxation,Revenue Analyst
tax_003,Peter,Cole,peter.cole@tax.gov,Taxation,Compliance Auditor
trs_001,Douglas,Jordan,douglas.jordan@trs.gov,Treasury,Investment Analyst
trs_002,Beverly,Owens,beverly.owens@trs.gov,Treasury,Cash Management Specialist
vasap_001,Walter,Reynolds,walter.reynolds@vasap.gov,Alcohol Safety Action Program,ASAP Director
vasap_002,Tammy,Fisher,tammy.fisher@vasap.gov,Alcohol Safety Action Program,Case Monitor
vbpd_001,Bruce,Ellis,bruce.ellis@vbpd.gov,Board for People with Disabilities,Policy Analyst
vbpd_002,Irene,Harrison,irene.harrison@vbpd.gov,Board for People with Disabilities,ADA Coordinator
vca_001,Keith,Gibson,keith.gibson@vca.gov,Commission for the Arts,Grants Coordinator
vca_002,Norma,McDonald,norma.mcdonald@vca.gov,Commission for the Arts,Program Director
vccs_001,Dale,Cruz,dale.cruz@vccs.gov,Community College System,Academic Advisor
vccs_002,Brenda,Marshall,brenda.marshall@vccs.gov,Community College System,Enrollment Specialist
vdacs_001,Glenn,Ortiz,glenn.ortiz@vdacs.gov,Agriculture and Consumer Services,Agricultural Inspector
vdacs_002,Phyllis,Gomez,phyllis.gomez@vdacs.gov,Agriculture and Consumer Services,Consumer Specialist
vddhh_001,Allan,Murray,allan.murray@vddhh.gov,Deaf and Hard of Hearing,Sign Language Interpreter
vddhh_002,Lori,Freeman,lori.freeman@vddhh.gov,Deaf and Hard of Hearing,Outreach Specialist
vdem_001,Harry,Wells,harry.wells@vdem.gov,Emergency Management,Emergency Planner
vdem_002,Pamela,Webb,pamela.webb@vdem.gov,Emergency Management,Hazard Mitigation Specialist
vdh_001,Bernard,Simpson,bernard.simpson@vdh.gov,Virginia Department of Health,Epidemiologist
vdh_002,Christine,Stevens,christine.stevens@vdh.gov,Virginia Department of Health,Public Health Nurse
vdh_003,Warren,Tucker,warren.tucker@vdh.gov,Virginia Department of Health,Environmental Health Specialist
vdot_001,Stanley,Porter,stanley.porter@vdot.gov,Transportation,Highway Engineer
vdot_002,Marilyn,Hunter,marilyn.hunter@vdot.gov,Transportation,Traffic Operations Specialist
vdot_003,Leonard,Hicks,leonard.hicks@vdot.gov,Transportation,Bridge Inspector
vdot_004,Lillian,Crawford,lillian.crawford@vdot.gov,Transportation,Project Manager
vec_001,Jesse,Boyd,jesse.boyd@vec.gov,Employment Commission,Workforce Specialist
vec_002,Evelyn,Mason,evelyn.mason@vec.gov,Employment Commission,UI Claims Examiner
vipc_001,Ernest,Carr,ernest.carr@vipc.gov,Innovation Partnership Corporation,Innovation Strategist
vipc_002,Mildred,Snyder,mildred.snyder@vipc.gov,Innovation Partnership Corporation,Program Manager
vita_001,Craig,Hawkins,craig.hawkins@vita.gov,Information Technologies Agency,Systems Engineer
vita_002,Beth,Vasquez,beth.vasquez@vita.gov,Information Technologies Agency,Network Administrator
vita_003,Gordon,Lawson,gordon.lawson@vita.gov,Information Technologies Agency,Cybersecurity Analyst
vita_004,Elaine,Dixon,elaine.dixon@vita.gov,Information Technologies Agency,Project Manager
vof_001,Dale,Perkins,dale.perkins@vof.gov,Outdoors Foundation,Land Conservation Specialist
vof_002,Bonnie,Medina,bonnie.medina@vof.gov,Outdoors Foundation,Stewardship Director
vrc_001,Curtis,Fowler,curtis.fowler@vrc.gov,Racing Commission,Steward
vrc_002,Roberta,Chapman,roberta.chapman@vrc.gov,Racing Commission,Licensing Administrator
vsp_001,Clarence,Weaver,clarence.weaver@vsp.gov,State Police,Trooper
vsp_002,Tina,Fields,tina.fields@vsp.gov,State Police,Intelligence Analyst
vsp_003,Martin,Garrett,martin.garrett@vsp.gov,State Police,Forensic Examiner
boa_003,Curtis,Baldwin,curtis.baldwin@boa.gov,Board of Accountancy,CPA Examiner
boa_004,Jordan,Harris,jordan.harris@boa.gov,Board of Accountancy,Licensing Coordinator
boa_005,Jack,Daniels,jack.daniels@boa.gov,Board of Accountancy,Audit Manager
boa_006,Colleen,Wolf,colleen.wolf@boa.gov,Board of Accountancy,Accountancy Investigator
boa_007,Tracy,Carpenter,tracy.carpenter@boa.gov,Board of Accountancy,Board Secretary
boa_008,Olivia,Barton,olivia.barton@boa.gov,Board of Accountancy,Administrative Assistant
boa_009,Andrew,Carter,andrew.carter@boa.gov,Board of Accountancy,IT Specialist
boa_010,Irene,Hale,irene.hale@boa.gov,Board of Accountancy,Budget Analyst
boa_011,Sheila,Summers,sheila.summers@boa.gov,Board of Accountancy,Public Affairs Specialist
boa_012,Amy,Schmidt,amy.schmidt@boa.gov,Board of Accountancy,Enforcement Officer
boa_013,Grace,Warren,grace.warren@boa.gov,Board of Accountancy,Records Manager
casc_003,Tracy,Myers,tracy.myers@casc.gov,Commonwealth Attorneys Services Council,Paralegal
casc_004,Isaac,Ortega,isaac.ortega@casc.gov,Commonwealth Attorneys Services Council,Training Coordinator
casc_005,Jose,Allen,jose.allen@casc.gov,Commonwealth Attorneys Services Council,Victim Advocate
casc_006,Edward,Neal,edward.neal@casc.gov,Commonwealth Attorneys Services Council,Case Manager
casc_007,Logan,Hudson,logan.hudson@casc.gov,Commonwealth Attorneys Services Council,Administrative Officer
casc_008,Douglas,Gonzalez,douglas.gonzalez@casc.gov,Commonwealth Attorneys Services Council,Grants Coordinator
casc_009,Lindsay,Chang,lindsay.chang@casc.gov,Commonwealth Attorneys Services Council,IT Support Specialist
casc_010,Chris,McKenzie,chris.mckenzie@casc.gov,Commonwealth Attorneys Services Council,Legislative Liaison
casc_011,Christine,Malik,christine.malik@casc.gov,Commonwealth Attorneys Services Council,Program Manager
casc_012,Louis,Sutton,louis.sutton@casc.gov,Commonwealth Attorneys Services Council,Research Analyst
casc_013,Joan,Berry,joan.berry@casc.gov,Commonwealth Attorneys Services Council,Office Manager
cb_003,Richard,Rose,richard.rose@cb.gov,State Compensation Board,Budget Specialist
cb_004,Darlene,McDonald,darlene.mcdonald@cb.gov,State Compensation Board,Payroll Coordinator
cb_005,Carol,Sanchez,carol.sanchez@cb.gov,State Compensation Board,Systems Analyst
cb_006,Justin,Vasquez,justin.vasquez@cb.gov,State Compensation Board,Financial Examiner
cb_007,Marco,Simpson,marco.simpson@cb.gov,State Compensation Board,Compensation Analyst
cb_008,George,Burke,george.burke@cb.gov,State Compensation Board,Administrative Coordinator
cb_009,Austin,West,austin.west@cb.gov,State Compensation Board,Database Administrator
cb_010,Jacqueline,James,jacqueline.james@cb.gov,State Compensation Board,Audit Specialist
cb_011,Carol,Hale,carol.hale@cb.gov,State Compensation Board,Policy Analyst
cb_012,Cody,McKenzie,cody.mckenzie@cb.gov,State Compensation Board,HR Generalist
cb_013,Jose,Owens,jose.owens@cb.gov,State Compensation Board,Accounting Technician
csa_003,Margaret,Dunn,margaret.dunn@csa.gov,Office of Children's Services,Social Worker
csa_004,Marilyn,Mack,marilyn.mack@csa.gov,Office of Children's Services,Family Services Specialist
csa_005,Henry,Willis,henry.willis@csa.gov,Office of Children's Services,Child Welfare Analyst
csa_006,Joanne,Woods,joanne.woods@csa.gov,Office of Children's Services,Quality Assurance Specialist
csa_007,Candice,Tate,candice.tate@csa.gov,Office of Children's Services,Grants Manager
csa_008,Erica,Romero,erica.romero@csa.gov,Office of Children's Services,Training Specialist
csa_009,Jason,Dunn,jason.dunn@csa.gov,Office of Children's Services,Data Analyst
csa_010,Rita,McKenzie,rita.mckenzie@csa.gov,Office of Children's Services,Clinical Supervisor
csa_011,John,Walsh,john.walsh@csa.gov,Office of Children's Services,Administrative Assistant
csa_012,Veronica,Graham,veronica.graham@csa.gov,Office of Children's Services,Budget Analyst
csa_013,Lawrence,Boyd,lawrence.boyd@csa.gov,Office of Children's Services,IT Specialist
dars_003,Jaime,Barton,jaime.barton@dars.gov,Aging and Rehabilitative Services,Vocational Evaluator
dars_004,Kyle,Montgomery,kyle.montgomery@dars.gov,Aging and Rehabilitative Services,Assistive Tech Coordinator
dars_005,Joel,Brown,joel.brown@dars.gov,Aging and Rehabilitative Services,Disability Services Manager
dars_006,Holly,Shaw,holly.shaw@dars.gov,Aging and Rehabilitative Services,Case Manager
dars_007,Kyle,Gilbert,kyle.gilbert@dars.gov,Aging and Rehabilitative Services,Benefits Specialist
dars_008,Shannon,Mills,shannon.mills@dars.gov,Aging and Rehabilitative Services,Outreach Coordinator
dars_009,Ricardo,Davis,ricardo.davis@dars.gov,Aging and Rehabilitative Services,Quality Assurance Analyst
dars_010,Joan,Daniels,joan.daniels@dars.gov,Aging and Rehabilitative Services,Training Specialist
dars_011,Jay,Schmidt,jay.schmidt@dars.gov,Aging and Rehabilitative Services,Administrative Officer
dars_012,Thomas,Hicks,thomas.hicks@dars.gov,Aging and Rehabilitative Services,IT Support Specialist
dars_013,Pamela,Snyder,pamela.snyder@dars.gov,Aging and Rehabilitative Services,Budget Analyst
dbhds_004,Miranda,Marshall,miranda.marshall@dbhds.gov,Behavioral Health and Dev Services,Behavioral Health Specialist
dbhds_005,Isaac,Daniel,isaac.daniel@dbhds.gov,Behavioral Health and Dev Services,Quality Improvement Coordinator
dbhds_006,Shirley,Ramirez,shirley.ramirez@dbhds.gov,Behavioral Health and Dev Services,Crisis Intervention Specialist
dbhds_007,Chelsea,Black,chelsea.black@dbhds.gov,Behavioral Health and Dev Services,Psychiatric Nurse
dbhds_008,Crystal,Diaz,crystal.diaz@dbhds.gov,Behavioral Health and Dev Services,Social Worker
dbhds_009,Edward,Wood,edward.wood@dbhds.gov,Behavioral Health and Dev Services,Substance Abuse Counselor
dbhds_010,Olivia,Stewart,olivia.stewart@dbhds.gov,Behavioral Health and Dev Services,Training Manager
dbhds_011,Bruce,Mejia,bruce.mejia@dbhds.gov,Behavioral Health and Dev Services,IT Systems Administrator
dbhds_012,Mason,Stewart,mason.stewart@dbhds.gov,Behavioral Health and Dev Services,Budget Director
dbhds_013,Rodney,Robinson,rodney.robinson@dbhds.gov,Behavioral Health and Dev Services,Compliance Officer
dbvi_003,Jeffrey,Sanders,jeffrey.sanders@dbvi.gov,Blind and Vision Impaired,Orientation & Mobility Specialist
dbvi_004,Alejandro,Wood,alejandro.wood@dbvi.gov,Blind and Vision Impaired,Vocational Rehab Counselor
dbvi_005,Cynthia,Woods,cynthia.woods@dbvi.gov,Blind and Vision Impaired,Low Vision Therapist
dbvi_006,Terry,Hoffman,terry.hoffman@dbvi.gov,Blind and Vision Impaired,Case Manager
dbvi_007,Logan,Clayton,logan.clayton@dbvi.gov,Blind and Vision Impaired,Outreach Coordinator
dbvi_008,Justin,Noble,justin.noble@dbvi.gov,Blind and Vision Impaired,Administrative Assistant
dbvi_009,Dylan,Owens,dylan.owens@dbvi.gov,Blind and Vision Impaired,IT Specialist
dbvi_010,Abigail,Hicks,abigail.hicks@dbvi.gov,Blind and Vision Impaired,Program Manager
dbvi_011,Sharon,Fernandez,sharon.fernandez@dbvi.gov,Blind and Vision Impaired,Benefits Coordinator
dbvi_012,Sherry,Chen,sherry.chen@dbvi.gov,Blind and Vision Impaired,Training Specialist
dbvi_013,Katherine,Walsh,katherine.walsh@dbvi.gov,Blind and Vision Impaired,Budget Analyst
dcjs_003,Sherry,Tate,sherry.tate@dcjs.gov,Criminal Justice Services,Law Enforcement Liaison
dcjs_004,Grace,Diaz,grace.diaz@dcjs.gov,Criminal Justice Services,Grants Manager
dcjs_005,Mark,Duncan,mark.duncan@dcjs.gov,Criminal Justice Services,Research Analyst
dcjs_006,Tiffany,Rodriguez,tiffany.rodriguez@dcjs.gov,Criminal Justice Services,Compliance Officer
dcjs_007,Aaron,Stone,aaron.stone@dcjs.gov,Criminal Justice Services,Victim Services Coordinator
dcjs_008,Lauren,Price,lauren.price@dcjs.gov,Criminal Justice Services,Data Analyst
dcjs_009,Alicia,Clayton,alicia.clayton@dcjs.gov,Criminal Justice Services,IT Security Specialist
dcjs_010,Marco,Kang,marco.kang@dcjs.gov,Criminal Justice Services,Policy Advisor
dcjs_011,Janice,Bradley,janice.bradley@dcjs.gov,Criminal Justice Services,Administrative Officer
dcjs_012,Jared,Shaw,jared.shaw@dcjs.gov,Criminal Justice Services,Budget Specialist
dcjs_013,Carol,Carlson,carol.carlson@dcjs.gov,Criminal Justice Services,Communications Manager
dcr_004,Samantha,Burke,samantha.burke@dcr.gov,Conservation and Recreation,Recreation Program Coordinator
dcr_005,Tara,Craig,tara.craig@dcr.gov,Conservation and Recreation,Forester
dcr_006,David,Wells,david.wells@dcr.gov,Conservation and Recreation,Park Ranger
dcr_007,Roy,Salazar,roy.salazar@dcr.gov,Conservation and Recreation,Land Conservation Specialist
dcr_008,Emily,Hill,emily.hill@dcr.gov,Conservation and Recreation,GIS Analyst
dcr_009,Tammy,Swanson,tammy.swanson@dcr.gov,Conservation and Recreation,Trail Manager
dcr_010,Olivia,Gilbert,olivia.gilbert@dcr.gov,Conservation and Recreation,Education Coordinator
dcr_011,Tiffany,Young,tiffany.young@dcr.gov,Conservation and Recreation,Maintenance Supervisor
dcr_012,Gregory,Kelly,gregory.kelly@dcr.gov,Conservation and Recreation,Budget Analyst
dcr_013,Miranda,Willis,miranda.willis@dcr.gov,Conservation and Recreation,IT Specialist
deq_004,Mark,Norman,mark.norman@deq.gov,Environmental Quality,Air Quality Specialist
deq_005,Stephanie,Owen,stephanie.owen@deq.gov,Environmental Quality,Permit Writer
deq_006,Daniel,Harrison,daniel.harrison@deq.gov,Environmental Quality,Environmental Scientist
deq_007,Jacob,Brooks,jacob.brooks@deq.gov,Environmental Quality,Waste Management Coordinator
deq_008,Lisa,Bailey,lisa.bailey@deq.gov,Environmental Quality,GIS Analyst
deq_009,Valerie,Gross,valerie.gross@deq.gov,Environmental Quality,Lab Technician
deq_010,Isaac,Allen,isaac.allen@deq.gov,Environmental Quality,Program Manager
deq_011,Candice,Wade,candice.wade@deq.gov,Environmental Quality,IT Systems Analyst
deq_012,Brittany,Gross,brittany.gross@deq.gov,Environmental Quality,Budget Specialist
deq_013,Caleb,Barton,caleb.barton@deq.gov,Environmental Quality,Administrative Officer
dfp_003,Leslie,Burns,leslie.burns@dfp.gov,Fire Programs,Fire Inspector
dfp_004,Stacey,Hamilton,stacey.hamilton@dfp.gov,Fire Programs,Code Enforcement Officer
dfp_005,Jose,Williamson,jose.williamson@dfp.gov,Fire Programs,Emergency Management Coordinator
dfp_006,Samantha,Gomez,samantha.gomez@dfp.gov,Fire Programs,Hazmat Specialist
dfp_007,Tiffany,Cruz,tiffany.cruz@dfp.gov,Fire Programs,Arson Investigator
dfp_008,Wayne,Simpson,wayne.simpson@dfp.gov,Fire Programs,Administrative Coordinator
dfp_009,Rosa,Harper,rosa.harper@dfp.gov,Fire Programs,IT Specialist
dfp_010,Rosa,Morgan,rosa.morgan@dfp.gov,Fire Programs,Budget Analyst
dfp_011,Gary,Castillo,gary.castillo@dfp.gov,Fire Programs,Grants Manager
dfp_012,Christine,Wells,christine.wells@dfp.gov,Fire Programs,Public Education Specialist
dfp_013,Patricia,Mack,patricia.mack@dfp.gov,Fire Programs,Records Manager
dfs_003,Olivia,Morrison,olivia.morrison@dfs.gov,Forensic Science,DNA Analyst
dfs_004,Rodney,Boone,rodney.boone@dfs.gov,Forensic Science,Toxicologist
dfs_005,Claudia,Brennan,claudia.brennan@dfs.gov,Forensic Science,Firearms Examiner
dfs_006,Morgan,Lin,morgan.lin@dfs.gov,Forensic Science,Latent Print Examiner
dfs_007,Craig,Hart,craig.hart@dfs.gov,Forensic Science,Digital Evidence Analyst
dfs_008,George,Ford,george.ford@dfs.gov,Forensic Science,Quality Manager
dfs_009,Terry,Ortega,terry.ortega@dfs.gov,Forensic Science,Lab Director
dfs_010,Derek,Neal,derek.neal@dfs.gov,Forensic Science,Evidence Technician
dfs_011,Fernando,Hudson,fernando.hudson@dfs.gov,Forensic Science,IT Systems Administrator
dfs_012,Rita,Hart,rita.hart@dfs.gov,Forensic Science,Budget Analyst
dfs_013,Carlos,Norton,carlos.norton@dfs.gov,Forensic Science,Administrative Coordinator
dgs_003,Troy,Chambers,troy.chambers@dgs.gov,General Services,Real Estate Manager
dgs_004,Benjamin,Washington,benjamin.washington@dgs.gov,General Services,Fleet Manager
dgs_005,Tiffany,Armstrong,tiffany.armstrong@dgs.gov,General Services,Contract Specialist
dgs_006,Chris,Hamilton,chris.hamilton@dgs.gov,General Services,Building Inspector
dgs_007,Emma,Morgan,emma.morgan@dgs.gov,General Services,Property Manager
dgs_008,Samantha,Phillips,samantha.phillips@dgs.gov,General Services,Administrative Services Manager
dgs_009,Howard,Montgomery,howard.montgomery@dgs.gov,General Services,IT Project Manager
dgs_010,Brittany,Edwards,brittany.edwards@dgs.gov,General Services,Budget Director
dgs_011,Mary,Aguirre,mary.aguirre@dgs.gov,General Services,Surplus Property Coordinator
dgs_012,Melanie,Hill,melanie.hill@dgs.gov,General Services,Energy Manager
dgs_013,Rebecca,Jackson,rebecca.jackson@dgs.gov,General Services,Risk Manager
dhcd_003,Olivia,Santiago,olivia.santiago@dhcd.gov,Housing and Community Development,Grants Manager
dhcd_004,Samuel,Dixon,samuel.dixon@dhcd.gov,Housing and Community Development,Building Code Official
dhcd_005,Gary,Jensen,gary.jensen@dhcd.gov,Housing and Community Development,Housing Finance Analyst
dhcd_006,Irene,Bradley,irene.bradley@dhcd.gov,Housing and Community Development,Neighborhood Revitalization Specialist
dhcd_007,Yolanda,Roy,yolanda.roy@dhcd.gov,Housing and Community Development,Program Director
dhcd_008,Brooke,Kennedy,brooke.kennedy@dhcd.gov,Housing and Community Development,Compliance Officer
dhcd_009,Brian,Blair,brian.blair@dhcd.gov,Housing and Community Development,IT Specialist
dhcd_010,Ruby,Reese,ruby.reese@dhcd.gov,Housing and Community Development,Budget Analyst
dhcd_011,Tanya,Donovan,tanya.donovan@dhcd.gov,Housing and Community Development,Administrative Coordinator
dhcd_012,Brian,Reyes,brian.reyes@dhcd.gov,Housing and Community Development,Outreach Specialist
dhcd_013,Caroline,Fletcher,caroline.fletcher@dhcd.gov,Housing and Community Development,Data Analyst
dhp_003,Cameron,Stevens,cameron.stevens@dhp.gov,Health Professions,Board Administrator
dhp_004,Caleb,Wise,caleb.wise@dhp.gov,Health Professions,Enforcement Officer
dhp_005,Jane,Moore,jane.moore@dhp.gov,Health Professions,Compliance Investigator
dhp_006,Daniel,Shelton,daniel.shelton@dhp.gov,Health Professions,IT Systems Analyst
dhp_007,Jay,Singh,jay.singh@dhp.gov,Health Professions,Administrative Coordinator
dhp_008,April,Tran,april.tran@dhp.gov,Health Professions,Budget Specialist
dhp_009,Caroline,Myers,caroline.myers@dhp.gov,Health Professions,Records Manager
dhp_010,Virginia,Rivera,virginia.rivera@dhp.gov,Health Professions,Customer Service Specialist
dhp_011,Kyle,Herrera,kyle.herrera@dhp.gov,Health Professions,Policy Analyst
dhp_012,Harold,Williamson,harold.williamson@dhp.gov,Health Professions,Training Coordinator
dhp_013,Kristen,Hansen,kristen.hansen@dhp.gov,Health Professions,Quality Assurance Analyst
dhr_003,Joan,Mills,joan.mills@dhr.gov,Historic Resources,Archaeologist
dhr_004,Dean,Willis,dean.willis@dhr.gov,Historic Resources,Survey Coordinator
dhr_005,Kathryn,Palmer,kathryn.palmer@dhr.gov,Historic Resources,GIS Specialist
dhr_006,Kyle,Burton,kyle.burton@dhr.gov,Historic Resources,Grants Manager
dhr_007,Aiden,Palmer,aiden.palmer@dhr.gov,Historic Resources,Compliance Review Analyst
dhr_008,Vincent,Chan,vincent.chan@dhr.gov,Historic Resources,Curator
dhr_009,Carl,Ross,carl.ross@dhr.gov,Historic Resources,Education Coordinator
dhr_010,Howard,Reid,howard.reid@dhr.gov,Historic Resources,Administrative Officer
dhr_011,Joan,Cruz,joan.cruz@dhr.gov,Historic Resources,IT Specialist
dhr_012,Lucy,Burke,lucy.burke@dhr.gov,Historic Resources,Budget Analyst
dhr_013,Jason,Matthews,jason.matthews@dhr.gov,Historic Resources,Records Manager
dhrm_004,Joyce,Donovan,joyce.donovan@dhrm.gov,Human Resource Management,Compensation Specialist
dhrm_005,Pedro,Ruiz,pedro.ruiz@dhrm.gov,Human Resource Management,Employee Relations Manager
dhrm_006,Katie,Terry,katie.terry@dhrm.gov,Human Resource Management,Training & Development Specialist
dhrm_007,Tammy,Alvarez,tammy.alvarez@dhrm.gov,Human Resource Management,HRIS Analyst
dhrm_008,Valerie,Johnson,valerie.johnson@dhrm.gov,Human Resource Management,Recruitment Coordinator
dhrm_009,Connor,Cunningham,connor.cunningham@dhrm.gov,Human Resource Management,Policy Analyst
dhrm_010,Joan,Coleman,joan.coleman@dhrm.gov,Human Resource Management,EEO Specialist
dhrm_011,Corey,Sanders,corey.sanders@dhrm.gov,Human Resource Management,IT Project Manager
dhrm_012,Douglas,Hopkins,douglas.hopkins@dhrm.gov,Human Resource Management,Budget Analyst
dhrm_013,Joshua,Sutton,joshua.sutton@dhrm.gov,Human Resource Management,Administrative Officer
djj_003,Henry,Liu,henry.liu@djj.gov,Juvenile Justice,Case Manager
djj_004,Harold,Wu,harold.wu@djj.gov,Juvenile Justice,Residential Supervisor
djj_005,Joan,Reeves,joan.reeves@djj.gov,Juvenile Justice,Education Coordinator
djj_006,Sandra,Harvey,sandra.harvey@djj.gov,Juvenile Justice,Clinical Psychologist
djj_007,Beth,Carter,beth.carter@djj.gov,Juvenile Justice,Recreation Therapist
djj_008,Olivia,Huang,olivia.huang@djj.gov,Juvenile Justice,Substance Abuse Counselor
djj_009,Ashley,Aguirre,ashley.aguirre@djj.gov,Juvenile Justice,Administrative Officer
djj_010,Lillian,Cross,lillian.cross@djj.gov,Juvenile Justice,IT Specialist
djj_011,Jillian,Duncan,jillian.duncan@djj.gov,Juvenile Justice,Budget Analyst
djj_012,Peter,Sanchez,peter.sanchez@djj.gov,Juvenile Justice,Training Coordinator
djj_013,Oscar,Schmidt,oscar.schmidt@djj.gov,Juvenile Justice,Compliance Officer
dma_003,Aiden,Clayton,aiden.clayton@dma.gov,Military Affairs,Facilities Manager
dma_004,Carlos,Young,carlos.young@dma.gov,Military Affairs,Logistics Coordinator
dma_005,Donald,Russell,donald.russell@dma.gov,Military Affairs,Emergency Management Specialist
dma_006,Anthony,Matthews,anthony.matthews@dma.gov,Military Affairs,Training Officer
dma_007,Tyler,Dean,tyler.dean@dma.gov,Military Affairs,HR Specialist
dma_008,Patricia,Crawford,patricia.crawford@dma.gov,Military Affairs,Budget Analyst
dma_009,Ariana,Kang,ariana.kang@dma.gov,Military Affairs,IT Systems Administrator
dma_010,Margaret,Bell,margaret.bell@dma.gov,Military Affairs,Public Affairs Officer
dma_011,Manuel,Gibson,manuel.gibson@dma.gov,Military Affairs,Security Specialist
dma_012,Jean,Williams,jean.williams@dma.gov,Military Affairs,Maintenance Supervisor
dma_013,Colleen,Mack,colleen.mack@dma.gov,Military Affairs,Supply Technician
dmas_004,Victor,Morgan,victor.morgan@dmas.gov,Medical Assistance Services,Managed Care Specialist
dmas_005,Douglas,Hamilton,douglas.hamilton@dmas.gov,Medical Assistance Services,Quality Assurance Analyst
dmas_006,Elizabeth,Ferguson,elizabeth.ferguson@dmas.gov,Medical Assistance Services,Policy Analyst
dmas_007,Nicole,Baldwin,nicole.baldwin@dmas.gov,Medical Assistance Services,Provider Relations Specialist
dmas_008,Evelyn,Leonard,evelyn.leonard@dmas.gov,Medical Assistance Services,IT Systems Analyst
dmas_009,Nicholas,Williamson,nicholas.williamson@dmas.gov,Medical Assistance Services,Budget Director
dmas_010,Jean,Hoffman,jean.hoffman@dmas.gov,Medical Assistance Services,Compliance Officer
dmas_011,Edward,Cho,edward.cho@dmas.gov,Medical Assistance Services,Data Analyst
dmas_012,Mason,Beck,mason.beck@dmas.gov,Medical Assistance Services,Training Specialist
dmas_013,Roger,Grant,roger.grant@dmas.gov,Medical Assistance Services,Administrative Coordinator
dmv_005,Gregory,Park,gregory.park@dmv.gov,Motor Vehicles,Fraud Investigator
dmv_006,Luis,Jordan,luis.jordan@dmv.gov,Motor Vehicles,CDL Examiner
dmv_007,Jacqueline,Gray,jacqueline.gray@dmv.gov,Motor Vehicles,IT Developer
dmv_008,Amber,Wells,amber.wells@dmv.gov,Motor Vehicles,Budget Specialist
dmv_009,George,Monroe,george.monroe@dmv.gov,Motor Vehicles,Administrative Officer
dmv_010,Leonard,Hudson,leonard.hudson@dmv.gov,Motor Vehicles,Training Coordinator
dmv_011,Cameron,Hudson,cameron.hudson@dmv.gov,Motor Vehicles,Records Manager
dmv_012,Luis,Walters,luis.walters@dmv.gov,Motor Vehicles,Policy Analyst
dmv_013,Shirley,Monroe,shirley.monroe@dmv.gov,Motor Vehicles,Communications Specialist
doa_003,Terry,Lee,terry.lee@doa.gov,Department of Accounts,Payroll Specialist
doa_004,Andrea,Coleman,andrea.coleman@doa.gov,Department of Accounts,Audit Manager
doa_005,Jessica,Fernandez,jessica.fernandez@doa.gov,Department of Accounts,IT Developer
doa_006,Zachary,Hill,zachary.hill@doa.gov,Department of Accounts,Budget Analyst
doa_007,Antonio,Cho,antonio.cho@doa.gov,Department of Accounts,Administrative Coordinator
doa_008,Paul,Long,paul.long@doa.gov,Department of Accounts,Compliance Officer
doa_009,Kristen,Nolan,kristen.nolan@doa.gov,Department of Accounts,Data Analyst
doa_010,Sofia,Coleman,sofia.coleman@doa.gov,Department of Accounts,Accounts Payable Specialist
doa_011,Maureen,Simpson,maureen.simpson@doa.gov,Department of Accounts,Revenue Analyst
doa_012,Gary,Henderson,gary.henderson@doa.gov,Department of Accounts,Training Specialist
doa_013,Ashley,Nolan,ashley.nolan@doa.gov,Department of Accounts,Records Manager
doav_003,Aaron,Riley,aaron.riley@doav.gov,Department of Aviation,Grants Coordinator
doav_004,Thomas,Wu,thomas.wu@doav.gov,Department of Aviation,Safety Specialist
doav_005,Gloria,Martin,gloria.martin@doav.gov,Department of Aviation,GIS Analyst
doav_006,Patricia,Burke,patricia.burke@doav.gov,Department of Aviation,Administrative Coordinator
doav_007,Leslie,Turner,leslie.turner@doav.gov,Department of Aviation,IT Specialist
doav_008,Kristen,Wheeler,kristen.wheeler@doav.gov,Department of Aviation,Budget Analyst
doav_009,Darlene,Johnson,darlene.johnson@doav.gov,Department of Aviation,Compliance Officer
doav_010,Sherry,Keller,sherry.keller@doav.gov,Department of Aviation,Communications Specialist
doav_011,Nathan,Larson,nathan.larson@doav.gov,Department of Aviation,Environmental Specialist
doav_012,Morgan,Jensen,morgan.jensen@doav.gov,Department of Aviation,Engineering Technician
doav_013,Valerie,Crawford,valerie.crawford@doav.gov,Department of Aviation,Program Manager
doc_004,George,Navarro,george.navarro@doc.gov,Department of Corrections,Reentry Specialist
doc_005,Mary,Wolf,mary.wolf@doc.gov,Department of Corrections,Classification Analyst
doc_006,Eugene,Thompson,eugene.thompson@doc.gov,Department of Corrections,Health Services Administrator
doc_007,Wanda,Johnston,wanda.johnston@doc.gov,Department of Corrections,Training Coordinator
doc_008,Nancy,Ryan,nancy.ryan@doc.gov,Department of Corrections,IT Security Specialist
doc_009,Aaron,Jones,aaron.jones@doc.gov,Department of Corrections,Budget Analyst
doc_010,Juan,Gibson,juan.gibson@doc.gov,Department of Corrections,Administrative Officer
doc_011,Patricia,Singh,patricia.singh@doc.gov,Department of Corrections,Compliance Auditor
doc_012,Laura,Patel,laura.patel@doc.gov,Department of Corrections,Social Worker
doc_013,Peter,Norton,peter.norton@doc.gov,Department of Corrections,Education Coordinator
doe_004,Howard,Reynolds,howard.reynolds@doe.gov,Department of Education,School Finance Analyst
doe_005,Rosa,Ellis,rosa.ellis@doe.gov,Department of Education,Special Education Director
doe_006,Chad,Hunter,chad.hunter@doe.gov,Department of Education,Accountability Specialist
doe_007,Stacey,Wheeler,stacey.wheeler@doe.gov,Department of Education,IT Project Manager
doe_008,Linda,Carter,linda.carter@doe.gov,Department of Education,Budget Analyst
doe_009,Jane,Wilson,jane.wilson@doe.gov,Department of Education,Administrative Officer
doe_010,Kevin,Green,kevin.green@doe.gov,Department of Education,Grants Manager
doe_011,Grace,Dean,grace.dean@doe.gov,Department of Education,Data Analyst
doe_012,Amber,Bishop,amber.bishop@doe.gov,Department of Education,Policy Advisor
doe_013,Jason,Perry,jason.perry@doe.gov,Department of Education,Communications Specialist
dof_003,Carl,Page,carl.page@dof.gov,Department of Forestry,Fire Suppression Specialist
dof_004,Nina,Vaughn,nina.vaughn@dof.gov,Department of Forestry,Conservation Education Coordinator
dof_005,Wesley,Fox,wesley.fox@dof.gov,Department of Forestry,GIS Analyst
dof_006,Matthew,Ramos,matthew.ramos@dof.gov,Department of Forestry,Administrative Coordinator
dof_007,Miranda,Harper,miranda.harper@dof.gov,Department of Forestry,IT Specialist
dof_008,Dominic,Webb,dominic.webb@dof.gov,Department of Forestry,Budget Analyst
dof_009,Adam,Chen,adam.chen@dof.gov,Department of Forestry,Equipment Manager
dof_010,Omar,Graham,omar.graham@dof.gov,Department of Forestry,Nursery Specialist
dof_011,Eva,Richardson,eva.richardson@dof.gov,Department of Forestry,Forest Health Specialist
dof_012,Robert,Blair,robert.blair@dof.gov,Department of Forestry,Timber Sales Coordinator
dof_013,Veronica,Hart,veronica.hart@dof.gov,Department of Forestry,Wildfire Prevention Specialist
doli_003,Danielle,Page,danielle.page@doli.gov,Department of Labor and Industry,Apprenticeship Consultant
doli_004,Deborah,Parks,deborah.parks@doli.gov,Department of Labor and Industry,Boiler Inspector
doli_005,Tanya,Saunders,tanya.saunders@doli.gov,Department of Labor and Industry,Workers Comp Analyst
doli_006,Lance,Norton,lance.norton@doli.gov,Department of Labor and Industry,Administrative Coordinator
doli_007,Sheila,Newman,sheila.newman@doli.gov,Department of Labor and Industry,IT Systems Analyst
doli_008,Travis,Olson,travis.olson@doli.gov,Department of Labor and Industry,Budget Specialist
doli_009,Edward,Perry,edward.perry@doli.gov,Department of Labor and Industry,Training Specialist
doli_010,Randall,Hernandez,randall.hernandez@doli.gov,Department of Labor and Industry,Mediation Specialist
doli_011,Jay,Wallace,jay.wallace@doli.gov,Department of Labor and Industry,Occupational Health Specialist
doli_012,Jorge,Riley,jorge.riley@doli.gov,Department of Labor and Industry,Policy Analyst
doli_013,Samantha,Vargas,samantha.vargas@doli.gov,Department of Labor and Industry,Data Analyst
dpb_003,Janice,Howard,janice.howard@dpb.gov,Department of Planning and Budget,Fiscal Impact Analyst
dpb_004,Penny,Byrd,penny.byrd@dpb.gov,Department of Planning and Budget,Program Evaluator
dpb_005,Juan,Hall,juan.hall@dpb.gov,Department of Planning and Budget,Economic Forecaster
dpb_006,Jonathan,Lewis,jonathan.lewis@dpb.gov,Department of Planning and Budget,IT Systems Analyst
dpb_007,Larry,Rowe,larry.rowe@dpb.gov,Department of Planning and Budget,Administrative Coordinator
dpb_008,Caroline,Daniel,caroline.daniel@dpb.gov,Department of Planning and Budget,Data Scientist
dpb_009,Donna,Gutierrez,donna.gutierrez@dpb.gov,Department of Planning and Budget,Legislative Analyst
dpb_010,Matthew,Zimmerman,matthew.zimmerman@dpb.gov,Department of Planning and Budget,Performance Auditor
dpb_011,Dorothy,Gomez,dorothy.gomez@dpb.gov,Department of Planning and Budget,Grants Coordinator
dpb_012,Bruce,Murphy,bruce.murphy@dpb.gov,Department of Planning and Budget,Research Analyst
dpb_013,Natalie,Lee,natalie.lee@dpb.gov,Department of Planning and Budget,Communications Specialist
dpor_003,Timothy,Patel,timothy.patel@dpor.gov,Prof and Occupational Regulation,Board Administrator
dpor_004,Nina,Brennan,nina.brennan@dpor.gov,Prof and Occupational Regulation,Investigator
dpor_005,Heather,Navarro,heather.navarro@dpor.gov,Prof and Occupational Regulation,IT Specialist
dpor_006,Melanie,Soto,melanie.soto@dpor.gov,Prof and Occupational Regulation,Administrative Coordinator
dpor_007,Allison,Simmons,allison.simmons@dpor.gov,Prof and Occupational Regulation,Budget Analyst
dpor_008,Mary,Peters,mary.peters@dpor.gov,Prof and Occupational Regulation,Customer Service Specialist
dpor_009,Adrian,Lynch,adrian.lynch@dpor.gov,Prof and Occupational Regulation,Regulatory Analyst
dpor_010,Katherine,Meyer,katherine.meyer@dpor.gov,Prof and Occupational Regulation,Training Coordinator
dpor_011,Norma,Ross,norma.ross@dpor.gov,Prof and Occupational Regulation,Communications Officer
dpor_012,Tracy,Summers,tracy.summers@dpor.gov,Prof and Occupational Regulation,Records Manager
dpor_013,Isaac,Powell,isaac.powell@dpor.gov,Prof and Occupational Regulation,Policy Analyst
drpt_003,Isaac,Hopkins,isaac.hopkins@drpt.gov,Rail and Public Transportation,Grants Manager
drpt_004,Paula,Porter,paula.porter@drpt.gov,Rail and Public Transportation,Rail Safety Inspector
drpt_005,Andrea,Meyer,andrea.meyer@drpt.gov,Rail and Public Transportation,GIS Specialist
drpt_006,Lindsay,Williamson,lindsay.williamson@drpt.gov,Rail and Public Transportation,Administrative Coordinator
drpt_007,Nancy,Edwards,nancy.edwards@drpt.gov,Rail and Public Transportation,IT Specialist
drpt_008,Rodney,Crawford,rodney.crawford@drpt.gov,Rail and Public Transportation,Budget Analyst
drpt_009,Teresa,Banks,teresa.banks@drpt.gov,Rail and Public Transportation,Environmental Specialist
drpt_010,Michael,Stephens,michael.stephens@drpt.gov,Rail and Public Transportation,Program Manager
drpt_011,Vincent,Wheeler,vincent.wheeler@drpt.gov,Rail and Public Transportation,Policy Advisor
drpt_012,Amy,Cannon,amy.cannon@drpt.gov,Rail and Public Transportation,Data Analyst
drpt_013,Pamela,Curtis,pamela.curtis@drpt.gov,Rail and Public Transportation,Communications Specialist
dsbsd_003,Rita,Fisher,rita.fisher@dsbsd.gov,Small Business and Supplier Diversity,Outreach Coordinator
dsbsd_004,Benjamin,Herrera,benjamin.herrera@dsbsd.gov,Small Business and Supplier Diversity,Program Manager
dsbsd_005,Mary,Larson,mary.larson@dsbsd.gov,Small Business and Supplier Diversity,Compliance Officer
dsbsd_006,Holly,Owens,holly.owens@dsbsd.gov,Small Business and Supplier Diversity,IT Specialist
dsbsd_007,Leah,Li,leah.li@dsbsd.gov,Small Business and Supplier Diversity,Administrative Coordinator
dsbsd_008,Mary,Hudson,mary.hudson@dsbsd.gov,Small Business and Supplier Diversity,Budget Analyst
dsbsd_009,Oliver,Hayes,oliver.hayes@dsbsd.gov,Small Business and Supplier Diversity,Data Analyst
dsbsd_010,Caroline,Pearson,caroline.pearson@dsbsd.gov,Small Business and Supplier Diversity,Training Specialist
dsbsd_011,Alicia,Rowe,alicia.rowe@dsbsd.gov,Small Business and Supplier Diversity,Marketing Specialist
dsbsd_012,Beth,Lucas,beth.lucas@dsbsd.gov,Small Business and Supplier Diversity,Grants Manager
dsbsd_013,Jack,Warren,jack.warren@dsbsd.gov,Small Business and Supplier Diversity,Policy Analyst
dss_004,Cameron,Washington,cameron.washington@dss.gov,Department of Social Services,Child Protective Services Worker
dss_005,April,Barrett,april.barrett@dss.gov,Department of Social Services,Adult Protective Services Worker
dss_006,Jay,Freeman,jay.freeman@dss.gov,Department of Social Services,Program Manager
dss_007,Allison,Tucker,allison.tucker@dss.gov,Department of Social Services,Quality Assurance Analyst
dss_008,Dorothy,Hansen,dorothy.hansen@dss.gov,Department of Social Services,Training Specialist
dss_009,Darren,Perez,darren.perez@dss.gov,Department of Social Services,IT Systems Analyst
dss_010,Cynthia,Scott,cynthia.scott@dss.gov,Department of Social Services,Budget Analyst
dss_011,Irene,Patel,irene.patel@dss.gov,Department of Social Services,Administrative Coordinator
dss_012,Jerome,Mason,jerome.mason@dss.gov,Department of Social Services,Data Analyst
dss_013,Emma,Swanson,emma.swanson@dss.gov,Department of Social Services,Compliance Officer
dvs_003,Cynthia,Dunn,cynthia.dunn@dvs.gov,Department of Veterans Services,Outreach Coordinator
dvs_004,Kimberly,Cho,kimberly.cho@dvs.gov,Department of Veterans Services,Program Manager
dvs_005,Yolanda,Banks,yolanda.banks@dvs.gov,Department of Veterans Services,Cemetery Superintendent
dvs_006,Kimberly,Simmons,kimberly.simmons@dvs.gov,Department of Veterans Services,Administrative Coordinator
dvs_007,Martha,Mitchell,martha.mitchell@dvs.gov,Department of Veterans Services,IT Specialist
dvs_008,Grace,Butler,grace.butler@dvs.gov,Department of Veterans Services,Budget Analyst
dvs_009,Jasmine,Chang,jasmine.chang@dvs.gov,Department of Veterans Services,Social Worker
dvs_010,Katie,Wright,katie.wright@dvs.gov,Department of Veterans Services,Training Specialist
dvs_011,Daniel,Sharp,daniel.sharp@dvs.gov,Department of Veterans Services,Communications Officer
dvs_012,Ariana,Lopez,ariana.lopez@dvs.gov,Department of Veterans Services,Quality Assurance Analyst
dvs_013,Tara,Nguyen,tara.nguyen@dvs.gov,Department of Veterans Services,Grants Manager
dwr_003,Marilyn,Burke,marilyn.burke@dwr.gov,Department of Wildlife Resources,Fisheries Manager
dwr_004,Sherry,Warner,sherry.warner@dwr.gov,Department of Wildlife Resources,Conservation Police Officer
dwr_005,Logan,Andrews,logan.andrews@dwr.gov,Department of Wildlife Resources,GIS Analyst
dwr_006,Oliver,Price,oliver.price@dwr.gov,Department of Wildlife Resources,Education Coordinator
dwr_007,Corey,Nixon,corey.nixon@dwr.gov,Department of Wildlife Resources,Habitat Management Specialist
dwr_008,Marco,Walker,marco.walker@dwr.gov,Department of Wildlife Resources,IT Specialist
dwr_009,Richard,Diaz,richard.diaz@dwr.gov,Department of Wildlife Resources,Budget Analyst
dwr_010,Paul,Ferguson,paul.ferguson@dwr.gov,Department of Wildlife Resources,Administrative Officer
dwr_011,Susan,Washington,susan.washington@dwr.gov,Department of Wildlife Resources,Boat Safety Specialist
dwr_012,John,Thompson,john.thompson@dwr.gov,Department of Wildlife Resources,Research Scientist
dwr_013,Thomas,Pierce,thomas.pierce@dwr.gov,Department of Wildlife Resources,Grants Manager
elect_003,Robin,Nolan,robin.nolan@elect.gov,State Board of Elections,Compliance Analyst
elect_004,Joel,Lambert,joel.lambert@elect.gov,State Board of Elections,IT Security Specialist
elect_005,Jason,Carpenter,jason.carpenter@elect.gov,State Board of Elections,Data Analyst
elect_006,Jose,Ortiz,jose.ortiz@elect.gov,State Board of Elections,Administrative Coordinator
elect_007,Jasmine,Parks,jasmine.parks@elect.gov,State Board of Elections,Budget Specialist
elect_008,Wanda,Taylor,wanda.taylor@elect.gov,State Board of Elections,Training Coordinator
elect_009,Mary,Li,mary.li@elect.gov,State Board of Elections,Communications Officer
elect_010,Andrea,Ramos,andrea.ramos@elect.gov,State Board of Elections,Legal Counsel
elect_011,Lawrence,Fisher,lawrence.fisher@elect.gov,State Board of Elections,Records Manager
elect_012,Samuel,Gilbert,samuel.gilbert@elect.gov,State Board of Elections,Poll Worker Coordinator
elect_013,Lynn,Hernandez,lynn.hernandez@elect.gov,State Board of Elections,Campaign Finance Analyst
energy_003,Logan,Hughes,logan.hughes@energy.gov,Virginia Energy,Gas Well Inspector
energy_004,Jorge,Santiago,jorge.santiago@energy.gov,Virginia Energy,Environmental Specialist
energy_005,Alejandro,Richards,alejandro.richards@energy.gov,Virginia Energy,GIS Analyst
energy_006,Gary,Carlson,gary.carlson@energy.gov,Virginia Energy,Administrative Coordinator
energy_007,Jared,Morgan,jared.morgan@energy.gov,Virginia Energy,IT Specialist
energy_008,Sandra,Santiago,sandra.santiago@energy.gov,Virginia Energy,Budget Analyst
energy_009,Jared,Young,jared.young@energy.gov,Virginia Energy,Compliance Officer
energy_010,Roy,Ward,roy.ward@energy.gov,Virginia Energy,Renewable Energy Specialist
energy_011,Sara,Ortega,sara.ortega@energy.gov,Virginia Energy,Geologist
energy_012,Alice,Carter,alice.carter@energy.gov,Virginia Energy,Program Manager
energy_013,Justin,Grant,justin.grant@energy.gov,Virginia Energy,Data Analyst
gov_004,Nancy,Zhang,nancy.zhang@gov.gov,Office of the Governor,Chief of Staff
gov_005,Jasmine,Jordan,jasmine.jordan@gov.gov,Office of the Governor,Constituent Services Rep
gov_006,Zachary,Mason,zachary.mason@gov.gov,Office of the Governor,Scheduler
gov_007,Rosa,Sanders,rosa.sanders@gov.gov,Office of the Governor,Special Assistant
gov_008,Tanya,Long,tanya.long@gov.gov,Office of the Governor,Administrative Coordinator
gov_009,Omar,Salazar,omar.salazar@gov.gov,Office of the Governor,IT Specialist
gov_010,Leslie,Lynch,leslie.lynch@gov.gov,Office of the Governor,Budget Director
gov_011,Rebecca,Holmes,rebecca.holmes@gov.gov,Office of the Governor,Legal Counsel
gov_012,Kelly,Harvey,kelly.harvey@gov.gov,Office of the Governor,Press Secretary
gov_013,James,Cook,james.cook@gov.gov,Office of the Governor,Intergovernmental Affairs Director
lva_003,George,Khan,george.khan@lva.gov,Library of Virginia,Digital Collections Specialist
lva_004,Daniel,Rose,daniel.rose@lva.gov,Library of Virginia,Cataloger
lva_005,Frances,Foster,frances.foster@lva.gov,Library of Virginia,Reference Specialist
lva_006,Ian,Pierce,ian.pierce@lva.gov,Library of Virginia,Preservation Specialist
lva_007,Jorge,Stanley,jorge.stanley@lva.gov,Library of Virginia,IT Systems Administrator
lva_008,Sylvia,Stewart,sylvia.stewart@lva.gov,Library of Virginia,Budget Analyst
lva_009,Joshua,Chan,joshua.chan@lva.gov,Library of Virginia,Administrative Coordinator
lva_010,Gerald,Jensen,gerald.jensen@lva.gov,Library of Virginia,Genealogy Specialist
lva_011,Jacqueline,Manning,jacqueline.manning@lva.gov,Library of Virginia,Education Coordinator
lva_012,Evelyn,Johnston,evelyn.johnston@lva.gov,Library of Virginia,Communications Officer
lva_013,Alexis,Romero,alexis.romero@lva.gov,Library of Virginia,Grants Manager
mrc_003,Darren,Howard,darren.howard@mrc.gov,Marine Resources Commission,Habitat Manager
mrc_004,Austin,Boone,austin.boone@mrc.gov,Marine Resources Commission,Compliance Inspector
mrc_005,Valerie,Jenkins,valerie.jenkins@mrc.gov,Marine Resources Commission,GIS Analyst
mrc_006,Darren,Wallace,darren.wallace@mrc.gov,Marine Resources Commission,Administrative Coordinator
mrc_007,Sara,Chang,sara.chang@mrc.gov,Marine Resources Commission,IT Specialist
mrc_008,Alex,Silva,alex.silva@mrc.gov,Marine Resources Commission,Budget Analyst
mrc_009,Joyce,Pearson,joyce.pearson@mrc.gov,Marine Resources Commission,Environmental Scientist
mrc_010,Russell,Norris,russell.norris@mrc.gov,Marine Resources Commission,Permits Coordinator
mrc_011,Logan,Fleming,logan.fleming@mrc.gov,Marine Resources Commission,Data Analyst
mrc_012,Beth,Hayes,beth.hayes@mrc.gov,Marine Resources Commission,Communications Specialist
mrc_013,Ruby,Cole,ruby.cole@mrc.gov,Marine Resources Commission,Oyster Restoration Specialist
mvdb_003,Bryan,Montgomery,bryan.montgomery@mvdb.gov,Motor Vehicle Dealer Board,Administrative Coordinator
mvdb_004,Sara,Burton,sara.burton@mvdb.gov,Motor Vehicle Dealer Board,IT Specialist
mvdb_005,William,Vaughn,william.vaughn@mvdb.gov,Motor Vehicle Dealer Board,Budget Analyst
mvdb_006,Brandon,Dennis,brandon.dennis@mvdb.gov,Motor Vehicle Dealer Board,Investigator
mvdb_007,Donald,Scott,donald.scott@mvdb.gov,Motor Vehicle Dealer Board,Customer Service Specialist
mvdb_008,Keith,Carlson,keith.carlson@mvdb.gov,Motor Vehicle Dealer Board,Training Coordinator
mvdb_009,Jean,Collins,jean.collins@mvdb.gov,Motor Vehicle Dealer Board,Data Analyst
mvdb_010,Veronica,Murray,veronica.murray@mvdb.gov,Motor Vehicle Dealer Board,Records Manager
mvdb_011,Jacob,Rivera,jacob.rivera@mvdb.gov,Motor Vehicle Dealer Board,Policy Analyst
mvdb_012,Mary,Ortiz,mary.ortiz@mvdb.gov,Motor Vehicle Dealer Board,Communications Specialist
mvdb_013,Peter,Jimenez,peter.jimenez@mvdb.gov,Motor Vehicle Dealer Board,Field Representative
odga_003,Pamela,Jordan,pamela.jordan@odga.gov,Data Governance and Analytics,Analytics Manager
odga_004,Wanda,Tran,wanda.tran@odga.gov,Data Governance and Analytics,Governance Analyst
odga_005,Brittany,Taylor,brittany.taylor@odga.gov,Data Governance and Analytics,Business Intelligence Developer
odga_006,Claudia,George,claudia.george@odga.gov,Data Governance and Analytics,IT Architect
odga_007,Holly,Hill,holly.hill@odga.gov,Data Governance and Analytics,Administrative Coordinator
odga_008,Caroline,Donovan,caroline.donovan@odga.gov,Data Governance and Analytics,Budget Analyst
odga_009,Janice,Espinoza,janice.espinoza@odga.gov,Data Governance and Analytics,Project Manager
odga_010,Tyler,Butler,tyler.butler@odga.gov,Data Governance and Analytics,Compliance Officer
odga_011,Dylan,Aguirre,dylan.aguirre@odga.gov,Data Governance and Analytics,Data Quality Analyst
odga_012,Nathan,Ortiz,nathan.ortiz@odga.gov,Data Governance and Analytics,Visualization Specialist
odga_013,Roger,Jenkins,roger.jenkins@odga.gov,Data Governance and Analytics,Policy Analyst
osig_003,Angela,Gutierrez,angela.gutierrez@osig.gov,Office of the State Inspector General,Compliance Auditor
osig_004,Judith,Hunt,judith.hunt@osig.gov,Office of the State Inspector General,Whistleblower Analyst
osig_005,Rebecca,Burns,rebecca.burns@osig.gov,Office of the State Inspector General,IT Forensics Specialist
osig_006,Jamie,Hill,jamie.hill@osig.gov,Office of the State Inspector General,Administrative Coordinator
osig_007,Grace,Nelson,grace.nelson@osig.gov,Office of the State Inspector General,Budget Analyst
osig_008,Cynthia,Ruiz,cynthia.ruiz@osig.gov,Office of the State Inspector General,Legal Counsel
osig_009,Jacob,Warner,jacob.warner@osig.gov,Office of the State Inspector General,Data Analyst
osig_010,Donald,Hoffman,donald.hoffman@osig.gov,Office of the State Inspector General,Policy Advisor
osig_011,Diana,Burns,diana.burns@osig.gov,Office of the State Inspector General,Program Analyst
osig_012,Brittany,Edwards,brittany.edwards@osig.gov,Office of the State Inspector General,Training Specialist
osig_013,Kenneth,Stevens,kenneth.stevens@osig.gov,Office of the State Inspector General,Communications Officer
schev_003,Wanda,Jacobs,wanda.jacobs@schev.gov,Council of Higher Education,Academic Program Reviewer
schev_004,Pedro,Cox,pedro.cox@schev.gov,Council of Higher Education,Financial Aid Policy Analyst
schev_005,Rodney,Yang,rodney.yang@schev.gov,Council of Higher Education,IT Systems Analyst
schev_006,Keith,Moore,keith.moore@schev.gov,Council of Higher Education,Administrative Coordinator
schev_007,Jonathan,Reed,jonathan.reed@schev.gov,Council of Higher Education,Budget Analyst
schev_008,Tiffany,Ramirez,tiffany.ramirez@schev.gov,Council of Higher Education,Data Scientist
schev_009,Pedro,Campbell,pedro.campbell@schev.gov,Council of Higher Education,Grants Manager
schev_010,April,Nixon,april.nixon@schev.gov,Council of Higher Education,Communications Specialist
schev_011,Lauren,Sutton,lauren.sutton@schev.gov,Council of Higher Education,Policy Advisor
schev_012,Jeffrey,Banks,jeffrey.banks@schev.gov,Council of Higher Education,Training Coordinator
schev_013,Chelsea,Gross,chelsea.gross@schev.gov,Council of Higher Education,Compliance Officer
tax_004,Wesley,Spencer,wesley.spencer@tax.gov,Department of Taxation,IT Developer
tax_005,Allison,Wilson,allison.wilson@tax.gov,Department of Taxation,Customer Service Specialist
tax_006,Joel,Simpson,joel.simpson@tax.gov,Department of Taxation,Collections Specialist
tax_007,April,Evans,april.evans@tax.gov,Department of Taxation,Policy Analyst
tax_008,Roger,Richardson,roger.richardson@tax.gov,Department of Taxation,Administrative Coordinator
tax_009,Peter,Hudson,peter.hudson@tax.gov,Department of Taxation,Budget Analyst
tax_010,Faith,Soto,faith.soto@tax.gov,Department of Taxation,Data Analyst
tax_011,Paula,Walker,paula.walker@tax.gov,Department of Taxation,Compliance Officer
tax_012,Sara,Carson,sara.carson@tax.gov,Department of Taxation,Training Specialist
tax_013,Roger,Lowe,roger.lowe@tax.gov,Department of Taxation,Legal Counsel
trs_003,Nathan,Leonard,nathan.leonard@trs.gov,Department of the Treasury,Bond Analyst
trs_004,Laura,Willis,laura.willis@trs.gov,Department of the Treasury,Financial Systems Manager
trs_005,Connor,Duncan,connor.duncan@trs.gov,Department of the Treasury,Unclaimed Property Specialist
trs_006,Leonard,Morrison,leonard.morrison@trs.gov,Department of the Treasury,Administrative Coordinator
trs_007,Scott,Jacobs,scott.jacobs@trs.gov,Department of the Treasury,IT Systems Analyst
trs_008,Monica,Salazar,monica.salazar@trs.gov,Department of the Treasury,Budget Director
trs_009,Anthony,Owens,anthony.owens@trs.gov,Department of the Treasury,Compliance Officer
trs_010,Charlotte,Khan,charlotte.khan@trs.gov,Department of the Treasury,Data Analyst
trs_011,Jennifer,Lambert,jennifer.lambert@trs.gov,Department of the Treasury,Risk Manager
trs_012,Damon,Moore,damon.moore@trs.gov,Department of the Treasury,Audit Specialist
trs_013,Stacey,Adams,stacey.adams@trs.gov,Department of the Treasury,Program Manager
vasap_003,Timothy,Parker,timothy.parker@vasap.gov,Alcohol Safety Action Program,Substance Abuse Counselor
vasap_004,Nicole,Boone,nicole.boone@vasap.gov,Alcohol Safety Action Program,Data Analyst
vasap_005,Gabriel,Richardson,gabriel.richardson@vasap.gov,Alcohol Safety Action Program,Compliance Officer
vasap_006,Marco,Tucker,marco.tucker@vasap.gov,Alcohol Safety Action Program,Administrative Coordinator
vasap_007,Shannon,Vargas,shannon.vargas@vasap.gov,Alcohol Safety Action Program,IT Specialist
vasap_008,Peter,Blake,peter.blake@vasap.gov,Alcohol Safety Action Program,Budget Analyst
vasap_009,Harold,Hoffman,harold.hoffman@vasap.gov,Alcohol Safety Action Program,Training Specialist
vasap_010,Troy,Cruz,troy.cruz@vasap.gov,Alcohol Safety Action Program,Quality Assurance Analyst
vasap_011,Judith,Norman,judith.norman@vasap.gov,Alcohol Safety Action Program,Outreach Coordinator
vasap_012,Samantha,Cooper,samantha.cooper@vasap.gov,Alcohol Safety Action Program,Policy Analyst
vasap_013,Andrea,Vaughn,andrea.vaughn@vasap.gov,Alcohol Safety Action Program,Communications Specialist
vbpd_003,Janice,Douglas,janice.douglas@vbpd.gov,Board for People with Disabilities,Outreach Coordinator
vbpd_004,Kimberly,Sanchez,kimberly.sanchez@vbpd.gov,Board for People with Disabilities,Program Manager
vbpd_005,Alexis,Sanchez,alexis.sanchez@vbpd.gov,Board for People with Disabilities,Administrative Coordinator
vbpd_006,Natalie,Carter,natalie.carter@vbpd.gov,Board for People with Disabilities,IT Specialist
vbpd_007,Jacob,Cole,jacob.cole@vbpd.gov,Board for People with Disabilities,Budget Analyst
vbpd_008,Rita,Collins,rita.collins@vbpd.gov,Board for People with Disabilities,Data Analyst
vbpd_009,Dorothy,Ray,dorothy.ray@vbpd.gov,Board for People with Disabilities,Training Specialist
vbpd_010,Julie,Reyes,julie.reyes@vbpd.gov,Board for People with Disabilities,Communications Officer
vbpd_011,Jonathan,Murphy,jonathan.murphy@vbpd.gov,Board for People with Disabilities,Grants Manager
vbpd_012,Ryan,Pena,ryan.pena@vbpd.gov,Board for People with Disabilities,Compliance Officer
vbpd_013,Jasmine,Page,jasmine.page@vbpd.gov,Board for People with Disabilities,Legislative Liaison
vca_003,Tyler,Dawson,tyler.dawson@vca.gov,Virginia Commission for the Arts,Arts Education Specialist
vca_004,Matthew,Ford,matthew.ford@vca.gov,Virginia Commission for the Arts,Administrative Coordinator
vca_005,Shirley,Curtis,shirley.curtis@vca.gov,Virginia Commission for the Arts,IT Specialist
vca_006,Cameron,Huang,cameron.huang@vca.gov,Virginia Commission for the Arts,Budget Analyst
vca_007,Nina,Little,nina.little@vca.gov,Virginia Commission for the Arts,Communications Officer
vca_008,Sherry,Hoffman,sherry.hoffman@vca.gov,Virginia Commission for the Arts,Outreach Specialist
vca_009,Abigail,Hunt,abigail.hunt@vca.gov,Virginia Commission for the Arts,Data Analyst
vca_010,Katherine,Spencer,katherine.spencer@vca.gov,Virginia Commission for the Arts,Policy Analyst
vca_011,Yolanda,Wells,yolanda.wells@vca.gov,Virginia Commission for the Arts,Community Engagement Specialist
vca_012,Sandra,Delgado,sandra.delgado@vca.gov,Virginia Commission for the Arts,Event Coordinator
vca_013,Rachel,Ross,rachel.ross@vca.gov,Virginia Commission for the Arts,Program Evaluator
vccs_003,Ryan,Long,ryan.long@vccs.gov,Community College System,Institutional Research Analyst
vccs_004,Lillian,Sanchez,lillian.sanchez@vccs.gov,Community College System,Student Services Coordinator
vccs_005,Todd,McDonald,todd.mcdonald@vccs.gov,Community College System,IT Systems Administrator
vccs_006,Renee,Knight,renee.knight@vccs.gov,Community College System,Administrative Coordinator
vccs_007,Gabriel,Hansen,gabriel.hansen@vccs.gov,Community College System,Budget Analyst
vccs_008,Wayne,Medina,wayne.medina@vccs.gov,Community College System,Workforce Development Specialist
vccs_009,Jamie,Morrison,jamie.morrison@vccs.gov,Community College System,Compliance Officer
vccs_010,Ashley,Kim,ashley.kim@vccs.gov,Community College System,Grants Manager
vccs_011,Rosa,McLaughlin,rosa.mclaughlin@vccs.gov,Community College System,HR Specialist
vccs_012,Maureen,Wheeler,maureen.wheeler@vccs.gov,Community College System,Communications Officer
vccs_013,Donna,Ramos,donna.ramos@vccs.gov,Community College System,Data Analyst
vdacs_003,Anthony,Craig,anthony.craig@vdacs.gov,Agriculture and Consumer Services,Veterinarian
vdacs_004,Shawn,Steele,shawn.steele@vdacs.gov,Agriculture and Consumer Services,Food Safety Inspector
vdacs_005,Leslie,Chan,leslie.chan@vdacs.gov,Agriculture and Consumer Services,Weights and Measures Inspector
vdacs_006,Penny,Chan,penny.chan@vdacs.gov,Agriculture and Consumer Services,IT Systems Analyst
vdacs_007,Tamara,Page,tamara.page@vdacs.gov,Agriculture and Consumer Services,Administrative Coordinator
vdacs_008,Alexis,Davis,alexis.davis@vdacs.gov,Agriculture and Consumer Services,Budget Analyst
vdacs_009,Nathan,Webb,nathan.webb@vdacs.gov,Agriculture and Consumer Services,Communications Specialist
vdacs_010,Douglas,Butler,douglas.butler@vdacs.gov,Agriculture and Consumer Services,Data Analyst
vdacs_011,Roger,Hill,roger.hill@vdacs.gov,Agriculture and Consumer Services,Grants Manager
vdacs_012,Lisa,Turner,lisa.turner@vdacs.gov,Agriculture and Consumer Services,Training Coordinator
vdacs_013,Miguel,Warren,miguel.warren@vdacs.gov,Agriculture and Consumer Services,Policy Analyst
vddhh_003,Caroline,Lawrence,caroline.lawrence@vddhh.gov,Deaf and Hard of Hearing,Outreach Coordinator
vddhh_004,Teresa,McKenzie,teresa.mckenzie@vddhh.gov,Deaf and Hard of Hearing,Program Manager
vddhh_005,Lance,Vargas,lance.vargas@vddhh.gov,Deaf and Hard of Hearing,Administrative Coordinator
vddhh_006,Samuel,Roy,samuel.roy@vddhh.gov,Deaf and Hard of Hearing,IT Specialist
vddhh_007,Anthony,Torres,anthony.torres@vddhh.gov,Deaf and Hard of Hearing,Budget Analyst
vddhh_008,Cameron,Hall,cameron.hall@vddhh.gov,Deaf and Hard of Hearing,Training Specialist
vddhh_009,Judith,Griffin,judith.griffin@vddhh.gov,Deaf and Hard of Hearing,Communications Officer
vddhh_010,Chelsea,Noble,chelsea.noble@vddhh.gov,Deaf and Hard of Hearing,Data Analyst
vddhh_011,Claudia,Wagner,claudia.wagner@vddhh.gov,Deaf and Hard of Hearing,Quality Assurance Analyst
vddhh_012,Cody,Obrien,cody.obrien@vddhh.gov,Deaf and Hard of Hearing,Compliance Officer
vddhh_013,Emma,Zimmerman,emma.zimmerman@vddhh.gov,Deaf and Hard of Hearing,Advocacy Specialist
vdem_003,Kathryn,Barnes,kathryn.barnes@vdem.gov,Emergency Management,Hazard Mitigation Specialist
vdem_004,Austin,Lane,austin.lane@vdem.gov,Emergency Management,Operations Center Analyst
vdem_005,Brenda,Jennings,brenda.jennings@vdem.gov,Emergency Management,GIS Specialist
vdem_006,Manuel,May,manuel.may@vdem.gov,Emergency Management,IT Systems Administrator
vdem_007,Patricia,Dawson,patricia.dawson@vdem.gov,Emergency Management,Administrative Coordinator
vdem_008,Jason,Rodriguez,jason.rodriguez@vdem.gov,Emergency Management,Budget Analyst
vdem_009,Nicholas,Sharp,nicholas.sharp@vdem.gov,Emergency Management,Training Coordinator
vdem_010,Faith,Erickson,faith.erickson@vdem.gov,Emergency Management,Communications Officer
vdem_011,Eugene,Caldwell,eugene.caldwell@vdem.gov,Emergency Management,Grants Manager
vdem_012,Mason,Tran,mason.tran@vdem.gov,Emergency Management,Compliance Officer
vdem_013,Jared,Randall,jared.randall@vdem.gov,Emergency Management,Logistics Coordinator
vdh_004,Diane,Gutierrez,diane.gutierrez@vdh.gov,Virginia Department of Health,Environmental Health Specialist
vdh_005,Rita,Wallace,rita.wallace@vdh.gov,Virginia Department of Health,Health Educator
vdh_006,Jeremy,Park,jeremy.park@vdh.gov,Virginia Department of Health,Biostatistician
vdh_007,Jeremy,Williams,jeremy.williams@vdh.gov,Virginia Department of Health,IT Systems Analyst
vdh_008,Aiden,Patel,aiden.patel@vdh.gov,Virginia Department of Health,Administrative Coordinator
vdh_009,Judith,Wolf,judith.wolf@vdh.gov,Virginia Department of Health,Budget Analyst
vdh_010,Tracy,Donovan,tracy.donovan@vdh.gov,Virginia Department of Health,Program Director
vdh_011,Carl,Norton,carl.norton@vdh.gov,Virginia Department of Health,Data Analyst
vdh_012,Louis,Spencer,louis.spencer@vdh.gov,Virginia Department of Health,Compliance Officer
vdh_013,Kathryn,Walsh,kathryn.walsh@vdh.gov,Virginia Department of Health,Communications Specialist
vdot_005,Omar,Young,omar.young@vdot.gov,Virginia Dept of Transportation,Bridge Inspector
vdot_006,Jeffrey,Page,jeffrey.page@vdot.gov,Virginia Dept of Transportation,GIS Analyst
vdot_007,Katie,Franklin,katie.franklin@vdot.gov,Virginia Dept of Transportation,IT Project Manager
vdot_008,Matthew,Pierce,matthew.pierce@vdot.gov,Virginia Dept of Transportation,Administrative Coordinator
vdot_009,Corey,Hamilton,corey.hamilton@vdot.gov,Virginia Dept of Transportation,Budget Analyst
vdot_010,Mason,Sherman,mason.sherman@vdot.gov,Virginia Dept of Transportation,Environmental Specialist
vdot_011,Manuel,Simmons,manuel.simmons@vdot.gov,Virginia Dept of Transportation,Construction Inspector
vdot_012,Karen,Jensen,karen.jensen@vdot.gov,Virginia Dept of Transportation,Safety Engineer
vdot_013,Amanda,Wells,amanda.wells@vdot.gov,Virginia Dept of Transportation,Communications Specialist
vec_003,Michelle,Howard,michelle.howard@vec.gov,Virginia Employment Commission,Employment Counselor
vec_004,Aiden,Sharp,aiden.sharp@vec.gov,Virginia Employment Commission,UI Tax Specialist
vec_005,Benjamin,Swanson,benjamin.swanson@vec.gov,Virginia Employment Commission,IT Developer
vec_006,Sean,Jackson,sean.jackson@vec.gov,Virginia Employment Commission,Administrative Coordinator
vec_007,Jaime,Swanson,jaime.swanson@vec.gov,Virginia Employment Commission,Budget Analyst
vec_008,Luke,Graham,luke.graham@vec.gov,Virginia Employment Commission,Data Analyst
vec_009,Gary,Tran,gary.tran@vec.gov,Virginia Employment Commission,Training Specialist
vec_010,Jeffrey,Wong,jeffrey.wong@vec.gov,Virginia Employment Commission,Compliance Officer
vec_011,Dennis,Vasquez,dennis.vasquez@vec.gov,Virginia Employment Commission,Communications Specialist
vec_012,Christine,Vasquez,christine.vasquez@vec.gov,Virginia Employment Commission,Program Manager
vec_013,April,Keller,april.keller@vec.gov,Virginia Employment Commission,Quality Assurance Analyst
vipc_003,Penny,Bass,penny.bass@vipc.gov,Innovation Partnership Corporation,Grants Manager
vipc_004,Yolanda,Martin,yolanda.martin@vipc.gov,Innovation Partnership Corporation,Economic Development Analyst
vipc_005,Dean,Carson,dean.carson@vipc.gov,Innovation Partnership Corporation,IT Specialist
vipc_006,Karen,Larson,karen.larson@vipc.gov,Innovation Partnership Corporation,Administrative Coordinator
vipc_007,Nina,Evans,nina.evans@vipc.gov,Innovation Partnership Corporation,Budget Analyst
vipc_008,Gregory,Cruz,gregory.cruz@vipc.gov,Innovation Partnership Corporation,Data Analyst
vipc_009,Tiffany,Martinez,tiffany.martinez@vipc.gov,Innovation Partnership Corporation,Communications Specialist
vipc_010,Tanya,Reed,tanya.reed@vipc.gov,Innovation Partnership Corporation,Program Manager
vipc_011,Jonathan,Edwards,jonathan.edwards@vipc.gov,Innovation Partnership Corporation,Research Analyst
vipc_012,Jerome,Phillips,jerome.phillips@vipc.gov,Innovation Partnership Corporation,Marketing Specialist
vipc_013,Karen,Lin,karen.lin@vipc.gov,Innovation Partnership Corporation,Policy Advisor
vita_005,Cynthia,Patterson,cynthia.patterson@vita.gov,Virginia Information Technologies Agency,Project Manager
vita_006,Carlos,Davidson,carlos.davidson@vita.gov,Virginia Information Technologies Agency,Software Developer
vita_007,Jacob,Wolf,jacob.wolf@vita.gov,Virginia Information Technologies Agency,Database Administrator
vita_008,Miguel,Santos,miguel.santos@vita.gov,Virginia Information Technologies Agency,IT Service Manager
vita_009,Maria,Carson,maria.carson@vita.gov,Virginia Information Technologies Agency,Help Desk Specialist
vita_010,Michelle,Armstrong,michelle.armstrong@vita.gov,Virginia Information Technologies Agency,Infrastructure Architect
vita_011,Joan,Rose,joan.rose@vita.gov,Virginia Information Technologies Agency,Business Analyst
vita_012,Darlene,Owens,darlene.owens@vita.gov,Virginia Information Technologies Agency,Compliance Officer
vita_013,Marie,Wilson,marie.wilson@vita.gov,Virginia Information Technologies Agency,Data Analyst
vof_003,Jillian,Soto,jillian.soto@vof.gov,Virginia Outdoors Foundation,GIS Analyst
vof_004,Mason,Wallace,mason.wallace@vof.gov,Virginia Outdoors Foundation,Program Manager
vof_005,Mario,Cho,mario.cho@vof.gov,Virginia Outdoors Foundation,Administrative Coordinator
vof_006,Jamie,Pena,jamie.pena@vof.gov,Virginia Outdoors Foundation,IT Specialist
vof_007,Amber,Tran,amber.tran@vof.gov,Virginia Outdoors Foundation,Budget Analyst
vof_008,Victoria,Larson,victoria.larson@vof.gov,Virginia Outdoors Foundation,Outreach Coordinator
vof_009,Isabel,Warner,isabel.warner@vof.gov,Virginia Outdoors Foundation,Legal Counsel
vof_010,Bruce,Walker,bruce.walker@vof.gov,Virginia Outdoors Foundation,Data Analyst
vof_011,Robert,Johnston,robert.johnston@vof.gov,Virginia Outdoors Foundation,Communications Specialist
vof_012,Nathan,Coleman,nathan.coleman@vof.gov,Virginia Outdoors Foundation,Compliance Officer
vof_013,Derek,Bishop,derek.bishop@vof.gov,Virginia Outdoors Foundation,Grants Manager
vrc_003,Antonio,Jones,antonio.jones@vrc.gov,Virginia Racing Commission,Compliance Officer
vrc_004,Sarah,Coleman,sarah.coleman@vrc.gov,Virginia Racing Commission,Veterinary Technician
vrc_005,Christine,Hall,christine.hall@vrc.gov,Virginia Racing Commission,Administrative Coordinator
vrc_006,Thomas,Curtis,thomas.curtis@vrc.gov,Virginia Racing Commission,IT Specialist
vrc_007,Megan,Owens,megan.owens@vrc.gov,Virginia Racing Commission,Budget Analyst
vrc_008,Marilyn,Willis,marilyn.willis@vrc.gov,Virginia Racing Commission,Data Analyst
vrc_009,Tiffany,Myers,tiffany.myers@vrc.gov,Virginia Racing Commission,Investigator
vrc_010,Douglas,Murphy,douglas.murphy@vrc.gov,Virginia Racing Commission,Policy Analyst
vrc_011,Claudia,Price,claudia.price@vrc.gov,Virginia Racing Commission,Communications Specialist
vrc_012,Natalie,Hughes,natalie.hughes@vrc.gov,Virginia Racing Commission,Program Manager
vrc_013,Angela,Young,angela.young@vrc.gov,Virginia Racing Commission,Security Officer
vsp_004,Marilyn,Gordon,marilyn.gordon@vsp.gov,Virginia Department of State Police,IT Specialist
vsp_005,Philip,Obrien,philip.obrien@vsp.gov,Virginia Department of State Police,Administrative Coordinator
vsp_006,Jane,Marshall,jane.marshall@vsp.gov,Virginia Department of State Police,Budget Analyst
vsp_007,Claudia,Wu,claudia.wu@vsp.gov,Virginia Department of State Police,Training Officer
vsp_008,Marie,Ruiz,marie.ruiz@vsp.gov,Virginia Department of State Police,Communications Specialist
vsp_009,Manuel,Brennan,manuel.brennan@vsp.gov,Virginia Department of State Police,Compliance Analyst
vsp_010,Miguel,Huang,miguel.huang@vsp.gov,Virginia Department of State Police,HR Specialist
vsp_011,Gary,Cooper,gary.cooper@vsp.gov,Virginia Department of State Police,Records Manager
vsp_012,Rebecca,Carson,rebecca.carson@vsp.gov,Virginia Department of State Police,Crime Analyst
vsp_013,Holly,Walters,holly.walters@vsp.gov,Virginia Department of State Police,Public Affairs Officer
